year,joint_weather_workload_route_days,total_positive_excess_arr15,top20_captured_burden_share
2024,91695,78363.9285056747,0.7623392569406555
2025,85870,72682.81703045037,0.7659062645895934
